"","lag","semi","No_pairs","Year"
"1",1,48.6875,8,1999
"2",2,30.3,5,1999
"3",3,26.1363636363636,11,1999
"4",4,40.7,10,1999
"5",5,18.3333333333333,3,1999
"6",6,50.8571428571429,7,1999
"7",7,40.5,4,1999
"8",8,64.625,4,1999
"9",9,29.5,5,1999
"10",10,49.25,2,1999
"11",11,50.3333333333333,3,1999
"12",12,58.125,4,1999
"13",13,23.5,6,1999
"14",14,26.3571428571429,7,1999
"15",15,38.5833333333333,6,1999
"16",16,43.2,5,1999
"17",17,25.375,4,1999
"18",18,32.8333333333333,3,1999
