"(Intercept)","Year2","Collapse2","Collapse2:Year2","I(Year2^2)","Collapse2:I(Year2^2)","df","logLik","AICc","delta","weight"
39.3897078878593,0.144964194537266,9.00447533866718,-0.659948090451706,NA,NA,8,-1036.91289689134,2090.36714716614,0,0.860633537481337
41.0525584115652,-0.101612940043677,8.71321245299672,-0.656957856119653,0.00495931602437265,NA,9,-1037.67356180878,2094.02636890057,3.65922173443187,0.138111029368389
40.0406883004476,0.0477404233189755,10.2738624188647,-0.903864218921438,0.00195648781754982,0.00498894496275428,10,-1041.29709505326,2103.42752343985,13.0603762737128,0.00125543315024201
52.1263264063006,-0.276936362201759,-10.9566104858598,NA,NA,NA,7,-1068.96464026262,2152.34875618066,61.9816090145205,2.99008048530493e-14
45.135248202588,-0.277026684530219,NA,NA,NA,NA,6,-1072.5724762104,2157.45838525662,67.0912380904765,2.32349114905167e-15
43.762094666397,NA,-11.0249961914957,NA,NA,NA,6,-1079.59591229303,2171.50525742187,81.1381102557339,2.06967182605682e-18
