"","(Intercept)","as.factor(Collapse)","Year2","as.factor(Collapse):Year2","df","logLik","AICc","delta","weight","R_2"
"5",0.91012919561286,"+",NA,NA,5,-442.08416359212,894.391375511378,0,0.585219820780938,0.12254182430714
"3",0.941656566563389,"+",-0.0374944503530545,NA,6,-441.867838573661,896.049109983143,1.65773447176514,0.25547391302998,0.133058146353461
"2",0.94963748466556,"+",-0.0644761861218688,"+",7,-441.358981566224,897.137438787879,2.74606327650099,0.148258281853077,0.136836140707309
"1",0.334264229539429,NA,NA,NA,4,-447.395883976796,902.939916101741,8.54854059036256,0.0081475497957072,0
"4",0.336764844719273,NA,-0.00678495622012929,NA,5,-447.391290563541,905.005629454219,10.6142539428404,0.00290043454029833,2.82454641467269e-05
