"","Estimate","Std. Error","z value","Pr(>|z|)"
"(Intercept)",1.20839353883006,0.0840245822230209,14.3814287064552,6.76827733398016e-47
"Year2",0.098708686965608,0.0549176427820591,1.79739482550869,0.0722729616383987
"as.factor(Collapse)1",-0.391745618834767,0.109729310817597,-3.57010917061135,0.000356832483176949
"Year2:as.factor(Collapse)1",-0.337081641377659,0.0723495395531927,-4.65907099698721,3.17639643484011e-06
