"","(Intercept)","as.factor(Collapse)","Year2","as.factor(Collapse):Year2","df","logLik","AICc","delta","weight","R_2"
"3",0.982694192262652,"+",-0.13693045824255,NA,6,-513.095113052541,1038.5036589409,0,0.479105289004976,0.0651797489526519
"2",1.00893020550344,"+",-0.0810626981588195,"+",7,-512.640876817147,1039.70122928972,1.19757034882059,0.263258176109431,0.0796565413564522
"4",0.700240130039452,NA,-0.148126575992817,NA,5,-515.433972636686,1041.09099360051,2.5873346596054,0.131400912896036,0.0211384915100079
"5",1.01993395608821,"+",NA,NA,5,-515.640426950946,1041.50390222903,3.00024328812538,0.10688983655879,0.0565932193954938
"1",0.716674342565348,NA,NA,NA,4,-518.387201191108,1044.92255053037,6.41889158946128,0.019345785430767,0
