"","(Intercept)","Collapse3","Year2","Collapse3:Year2","df","logLik","AICc","delta","weight"
"3",0.894876744975328,"+","+",NA,4,-149.443758536873,307.308569705325,0,0.402834843305375
"2",0.876464983492616,"+","+","+",5,-148.552888193969,307.744074260279,0.43550455495415,0.324010000925646
"5",0.534826061870438,NA,"+",NA,3,-150.917771542617,308.085543085233,0.776973379908497,0.273155155768979
"4",0.468247693954996,"+",NA,NA,3,-215.04290058276,436.335801165519,129.027231460195,3.86562488788381e-29
"1",0.104331887001813,NA,NA,NA,2,-216.473677411208,437.071066162621,129.762496457297,2.67644882097301e-29
